-- 1. CREATE USERS TABLE

CREATE TABLE Users (
    user_id SERIAL PRIMARY KEY,
    full_name VARCHAR(100),
    email VARCHAR(255) UNIQUE,
    role VARCHAR(20) CHECK (role IN ('Football Fan', 'Ticket Manager')),
    phone_number VARCHAR(20)
);

-- 2. CREATE MATCHES TABLE
CREATE TABLE Matches (
    match_id SERIAL PRIMARY KEY,
    fixture VARCHAR(150),
    tournament_category VARCHAR(100),
    base_ticket_price DECIMAL(10,2) CHECK (base_ticket_price >= 0),
    match_status VARCHAR(20) CHECK (
        match_status IN ('Available', 'Selling Fast', 'Sold Out', 'Postponed')
    )
);

-- 3. CREATE BOOKINGS TABLE

CREATE TABLE Bookings (
    booking_id SERIAL PRIMARY KEY,
    user_id INTEGER REFERENCES Users(user_id) ON DELETE CASCADE,
    match_id INTEGER REFERENCES Matches(match_id) ON DELETE CASCADE,
    seat_number VARCHAR(10),
    payment_status VARCHAR(20) CHECK (
        payment_status IN ('Pending', 'Confirmed', 'Cancelled', 'Refunded')
        OR payment_status IS NULL
    ),
    total_cost DECIMAL(10,2) CHECK (total_cost >= 0)
);




-- DATA SEEDING: INSERT SAMPLE DATA INTO USERS

INSERT INTO Users (user_id, full_name, email, role, phone_number) VALUES
(1, 'Tanvir Rahman', 'tanvir@mail.com', 'Football Fan', '+8801711111111'),
(2, 'Asif Haque', 'asif@mail.com', 'Football Fan', '+8801722222222'),
(3, 'Sajjad Rahman', 'sajjad@mail.com', 'Ticket Manager', '+8801733333333'),
(4, 'Jannat Ara', 'jannat@mail.com', 'Football Fan', NULL);

-- DATA SEEDING: INSERT SAMPLE DATA INTO MATCHES

INSERT INTO Matches (match_id, fixture, tournament_category, base_ticket_price, match_status) VALUES
(101, 'Real Madrid vs Barcelona', 'Champions League', 150.00, 'Available'),
(102, 'Man City vs Liverpool', 'Premier League', 120.00, 'Selling Fast'),
(103, 'Bayern Munich vs PSG', 'Champions League', 130.00, 'Available'),
(104, 'AC Milan vs Inter Milan', 'Serie A', 90.00, 'Sold Out'),
(105, 'Juventus vs Roma', 'Serie A', 80.00, 'Available');

-- DATA SEEDING: INSERT SAMPLE DATA INTO BOOKINGS

INSERT INTO Bookings (booking_id, user_id, match_id, seat_number, payment_status, total_cost) VALUES
(501, 1, 101, 'A-12', 'Confirmed', 150.00),
(502, 1, 102, 'B-04', 'Confirmed', 120.00),
(503, 2, 101, 'A-13', 'Confirmed', 150.00),
(504, 2, 101, NULL, NULL, 150.00),
(505, 3, 102, 'C-20', 'Pending', 120.00);

-- Part 2:

-- Query 1:

SELECT
    match_id,
    fixture,
    base_ticket_price
FROM Matches
WHERE tournament_category = 'Champions League'
  AND match_status = 'Available';

-- Query 2:

SELECT
    user_id,
    full_name,
    email
FROM Users
WHERE full_name ILIKE 'Tanvir%'
   OR full_name ILIKE '%Haque%';

-- Query 3:

SELECT
    booking_id,
    user_id,
    match_id,
    COALESCE(payment_status, 'Action Required') AS systematic_status
FROM Bookings
WHERE payment_status IS NULL;

-- Query 4:

SELECT
    booking_id,
    full_name,
    fixture,
    ROUND(total_cost) AS total_cost
FROM Bookings
JOIN Users ON Bookings.user_id = Users.user_id
JOIN Matches ON Bookings.match_id = Matches.match_id;

-- Query 5:

SELECT
    Users.user_id,
    Users.full_name,
    Bookings.booking_id
FROM Users
LEFT JOIN Bookings
ON Users.user_id = Bookings.user_id;

-- Query 6:

SELECT
    booking_id,
    match_id,
    ROUND(total_cost) AS total_cost
FROM Bookings
WHERE total_cost > (
    SELECT AVG(total_cost)
    FROM Bookings
);

-- Query 7:

SELECT
    match_id,
    fixture,
    ROUND(base_ticket_price) AS base_ticket_price
FROM Matches
ORDER BY base_ticket_price DESC
OFFSET 1
LIMIT 2;

 











